slug	category	title	h1
2027-property-income-tax-rates-landlords-uk	Landlord Tax Essentials	2027 Property Income Tax Rates for UK Landlords: 22%, 42%, 47% Explained	2027 Property Income Tax Rates for UK Landlords: 22%, 42%, 47% Explained
2027-property-tax-rates-affect-capital-gains-tax-sales	Capital Gains Tax	How the 2027 Property Income Tax Change Affects CGT and Disposal Timing	How the 2027 Property Income Tax Change Affects CGT and Disposal Timing
2027-property-tax-rates-section-24-relief-uk-landlords	Section 24 & Tax Relief	How Will 2027 Property Tax Rates Affect Section 24 Relief for UK Landlords?	How Will 2027 Property Tax Rates Affect Section 24 Relief for UK Landlords?
2027-tax-rates-incorporation-decision-property-landlords	Incorporation & Company Structures	How Will 2027 Tax Rate Changes Affect Your Property Incorporation Decision?	How Will 2027 Tax Rate Changes Affect Your Property Incorporation Decision?
2027-tax-rates-incorporation-decision-uk-landlords	Incorporation & Company Structures	How Do 2027 Tax Rates Change the Incorporation Decision for UK Landlords?	How Do 2027 Tax Rates Change the Incorporation Decision for UK Landlords?
60-day-cgt-reporting-property-sales-complete-guide	Capital Gains Tax	What Is the 60 Day CGT Reporting Rule for Property Sales?	What Is the 60 Day CGT Reporting Rule for Property Sales?
60-day-cgt-reporting-property-sales-rule	Capital Gains Tax	What Is the 60 Day CGT Reporting Rule for Property Sales?	What Is the 60 Day CGT Reporting Property Sales Rule?
accountant-accounting-services	Property Accountant Services	Professional Accounting Services for UK Property Investors	Professional Accounting Services for UK Property Investors
accountant-corporation-tax-property-companies	Incorporation & Company Structures	Corporation Tax Accountants for UK Property Companies	Corporation Tax Accountants for UK Property Companies
accountant-payroll-services	Incorporation & Company Structures	Accountant Payroll Services for Property Investors	Accountant Payroll Services: Expert Support for Property Companies
accounting-services-for-property-owners	Property Accountant Services	What Do Accounting Services for Property Owners Actually Cover?	What Do Accounting Services for Property Owners Actually Cover?
aia-allowance-uk-property-investors	Property Types & Specialist Tax	'AIA Allowance for UK Property Investors: What You Need to Know'	'AIA Allowance for UK Property Investors: What You Need to Know'
aia-capital-allowance-property-landlords	Section 24 & Tax Relief	What Is the AIA Capital Allowance for UK Property Landlords?	What Is the AIA Capital Allowance for UK Property Landlords?
aia-capital-allowances	Property Types & Specialist Tax	'AIA Capital Allowances: What UK Landlords Need to Know'	'AIA Capital Allowances: What UK Landlords Need to Know'
airbnb-tax-uk-short-term-rental-income-taxed	Property Types & Specialist Tax	Airbnb Tax UK: How Is Short-Term Rental Income Taxed?	Airbnb Tax UK: How Is Short-Term Rental Income Taxed?
annual-investment-allowance-2024-25	Section 24 & Tax Relief	'Annual Investment Allowance 2024/25: What UK Landlords Need to Know'	'Annual Investment Allowance 2024/25: What UK Landlords Need to Know'
annual-investment-allowance-2025	Landlord Tax Essentials	'Annual Investment Allowance 2025: What UK Landlords Need to Know'	'Annual Investment Allowance 2025: What UK Landlords Need to Know'
annual-investment-allowance-landlords-uk	Section 24 & Tax Relief	'Annual Investment Allowance for UK Landlords: A Complete Guide'	'Annual Investment Allowance for UK Landlords: A Complete Guide'
annual-investment-allowance-uk	Section 24 & Tax Relief	'Annual Investment Allowance UK: A Guide for Property Investors'	'Annual Investment Allowance UK: A Guide for Property Investors'
ated-15-percent-flat-rate-sdlt-interaction	Incorporation & Company Structures	ATED and the 15% Flat-Rate SDLT: How the Two Charges Interact	ATED and the 15% Flat-Rate SDLT: How the Two Charges Lock Together
ated-complete-guide-2026-27	Incorporation & Company Structures	ATED 2026/27: Complete Guide to Annual Tax on Enveloped Dwellings	ATED 2026/27: The Complete Guide to Annual Tax on Enveloped Dwellings
ated-late-filing-penalties-mechanics	Incorporation & Company Structures	ATED Late-Filing Penalties: The Cascade, the Appeals, and the £15,700 Trap	ATED Late-Filing Penalties: How the Cascade Builds and What to Do About It
ated-rental-property-relief-mechanics	Incorporation & Company Structures	ATED Rental Property Relief: Mechanics, Connected-Person Test, and Voids	ATED Property Rental Business Relief: How the Mechanics Actually Work
belfast-property-accountant-specialist-tax-services	Property Accountant Services	Why Belfast Landlords Need a Specialist Property Accountant in 2026	Why Belfast Landlords Need a Specialist Property Accountant in 2026
best-mtd-software-landlords-2026	Making Tax Digital (MTD)	Best MTD Software for UK Landlords in 2026: Complete Guide	Best MTD Software for UK Landlords in 2026: Complete Guide
best-property-accountant-london	Property Accountant Services	Finding the Best Property Accountant in London: A Landlord's Guide	Finding the Best Property Accountant in London: A Landlord's Guide
birmingham-property-accountant	Property Accountant Services	Birmingham Property Accountant: Expert Services for Local Landlords	Birmingham Property Accountant: Expert Services for Local Landlords
brighton-property-accountant-specialist-tax-services	Property Accountant Services	Why Do Brighton Landlords Need a Specialist Property Accountant?	Why Do Brighton Landlords Need a Specialist Property Accountant?
bristol-property-accountant	Property Accountant Services	Bristol Property Accountant: Expert Services for Local Landlords	Bristol Property Accountant: Expert Services for Local Landlords
btl-mortgage	Landlord Tax Essentials	How Do BTL Mortgages Work for UK Landlords in 2025/26?	'BTL Mortgage Advice for UK Landlords: What You Need to Know'
budgeting-voids-repairs-rental-cash-flow	Portfolio Management	How to Budget for Void Periods and Repairs in Your Rental Property Cash Flow	How to Budget for Void Periods and Repairs in Your Rental Property Cash Flow
business-property-relief-rental-property-iht	Landlord Tax Essentials	Does Business Property Relief Apply to Rental Property Inheritance?	Does Business Property Relief Apply to Rental Property Inheritance?
buy-to-let-accountants-near-me-guide	Property Accountant Services	How to Choose a Buy-to-Let Accountant Near You (UK 2026)	How to Choose a Buy-to-Let Accountant Near You (UK 2026)
buy-to-let-limited-company-complete-guide-uk	Incorporation & Company Structures	Buy-to-Let Limited Company: Complete Guide UK 2026	Buy-to-Let Limited Company: Complete Guide UK 2026
buy-to-let-limited-company-mortgage-options	Incorporation & Company Structures	Buy-to-Let Limited Company Mortgage Options: Complete Guide for UK Property Investors	Buy-to-Let Limited Company Mortgage Options: Complete Guide for UK Property Investors
buy-to-let-limited-company-mortgage-rates-2026-market-guide	Incorporation & Company Structures	Buy-to-Let Limited Company Mortgage Rates: What to Expect in 2026	Buy-to-Let Limited Company Mortgage Rates: What to Expect in 2026
buy-to-let-refinancing-when-does-it-make-sense	Section 24 & Tax Relief	Buy-to-Let Refinancing: When Does It Make Sense?	Buy-to-Let Refinancing: When Does It Make Sense?
cambridge-property-accountant-landlord-tax-services	Property Accountant Services	Why Do Cambridge Landlords Need a Specialist Property Accountant?	Why Do Cambridge Landlords Need a Specialist Property Accountant?
can-section-24-push-higher-rate-tax	Section 24 & Tax Relief	Can Section 24 Push You Into Higher Rate Tax?	Can Section 24 Push You Into Higher Rate Tax?
can-you-claim-aia-on-second-hand-assets	Property Accountant Services	Can You Claim AIA on Second Hand Assets?	Can You Claim AIA on Second Hand Assets?
capital-allowance-aia-property-landlords	Property Types & Specialist Tax	Can Landlords Claim Capital Allowance and the Annual Investment Allowance (AIA)?	Capital Allowance and the Annual Investment Allowance (AIA) for UK Landlords
capital-allowances-commercial-property-what-can-claim	Property Types & Specialist Tax	Capital Allowances on Commercial Property: What Can You Claim?	Capital Allowances on Commercial Property: What Can You Claim?
capital-allowances-examples	Property Types & Specialist Tax	What Is a Capital Allowances Example for UK Landlords?	'Capital Allowances Examples for UK Landlords: What You Can Claim'
capital-allowances-on-property	Property Types & Specialist Tax	'Capital Allowances on Property: A Complete Guide for UK Landlords'	'Capital Allowances on Property: A Complete Guide for UK Landlords'
capital-allowances-on-vans	Landlord Tax Essentials	'Capital Allowances on Vans: A Guide for UK Landlords'	'Capital Allowances on Vans: A Guide for UK Landlords'
capital-allowances-second-hand-vans	Landlord Tax Essentials	Can Landlords Claim Capital Allowances on Second Hand Vans?	Can Landlords Claim Capital Allowances on Second Hand Vans?
capital-gains-tax-property-complete-guide-uk	Capital Gains Tax	'Capital Gains Tax on UK Property: Complete Guide for Landlords (2026/27)'	'Capital Gains Tax on UK Property: Complete Guide for Landlords (2026/27)'
capital-gains-tax-property-sale-uk-2026-rates-allowances	Capital Gains Tax	Capital Gains Tax on Property Sale UK 2026: Rates and Allowances	Capital Gains Tax on Property Sale UK 2026: Rates and Allowances
capital-gains-tax-selling-rental-property-uk	Capital Gains Tax	Capital Gains on Selling a Rental Property: 2025/26 UK Guide	Capital Gains on Selling a Rental Property: 2025/26 UK Guide
capital-vs-revenue-expenditure-landlord-uk	Landlord Tax Essentials	Capital vs Revenue Expenditure for UK Landlords: How to Tell the Difference	Capital vs Revenue Expenditure for UK Landlords: How to Tell the Difference
cgt-annual-exempt-amount-3000-allowance-2026-27	Capital Gains Tax	How to Use Your £3,000 CGT Annual Exempt Amount in 2026/27	How to Use Your £3,000 CGT Annual Exempt Amount in 2026/27
cgt-calculation-selling-buy-to-let-property-step-by-step	Capital Gains Tax	How CGT Is Calculated on a Buy-to-Let Sale: Step-by-Step Worked Examples	How CGT Is Calculated on a Buy-to-Let Sale: Step-by-Step Worked Examples
cgt-commercial-property-different-residential	Capital Gains Tax	How Is CGT on Commercial Property Different from Residential?	CGT on Commercial Property: How Is It Different from Residential?
cgt-deferral-strategies-property-investors-uk	Capital Gains Tax	How Can Property Investors Use CGT Deferral Strategies to Legally Reduce Capital Gains Tax?	CGT Deferral Strategies for UK Property Investors: Complete Guide
cgt-divorce-property-transfer-tax-implications	Capital Gains Tax	What Are the CGT Implications When Transferring Property During Divorce?	CGT and Divorce: Property Transfer Tax Implications for UK Landlords
cgt-gifting-property-family-members-uk	Capital Gains Tax	CGT on Gifting Property to Family Members in the UK (2026 Guide)	CGT on Gifting Property to Family Members in the UK (2026 Guide)
cgt-inherited-rental-property-calculation-uk	Capital Gains Tax	How Is CGT Calculated on an Inherited Rental Property?	How Is CGT Calculated on an Inherited Rental Property?
cgt-main-residence-election-two-properties	Capital Gains Tax	How Does CGT Main Residence Election Work for Landlords with Two Properties?	CGT Main Residence Election for Landlords with Two Properties: Complete Guide
cgt-payment-deadlines-property-sales-2026	Capital Gains Tax	CGT Payment Deadlines for UK Property Sales: 2026/27 Landlord Guide	CGT Payment Deadlines for UK Property Sales in 2026/27
cgt-property-2027-rate-changes-uk-landlords	Capital Gains Tax	What's Changing for Property CGT from 2027 and What Should Landlords Do?	What's Changing for Property CGT from 2027 and What Should Landlords Do?
cgt-property-sold-loss-claim-capital-losses	Capital Gains Tax	Can You Claim Capital Losses When Selling BTL Property at a Loss?	Can You Claim Capital Losses When Selling BTL Property at a Loss?
cgt-property-transfer-limited-company-calculate	Capital Gains Tax	CGT on Property Transfer to Limited Company: How to Calculate	CGT on Property Transfer to Limited Company: How to Calculate
cgt-property-transfer-spouse	Capital Gains Tax	CGT on Property Transfer to Spouse: Is It Exempt?	CGT on Property Transfer to Spouse: Is It Exempt?
cgt-rates-property-2026-27-current-rates-explained	Capital Gains Tax	What Are the CGT Rates for Property in 2026/27?	What Are the CGT Rates for Property in 2026/27?
cgt-record-keeping-property-sales-what-to-save-how-long	Capital Gains Tax	CGT Record Keeping for Property Sales: What to Save and for How Long?	CGT Record Keeping for Property Sales: What to Save and for How Long?
cgt-reporting-deadlines-property-2026	Capital Gains Tax	What Are the HMRC CGT Reporting Deadlines for UK Property Sales in 2025/26?	HMRC CGT Reporting Deadlines for UK Property Sales 2025/26: A Complete Guide
cgt-selling-buy-to-let-property-calculation-guide	Capital Gains Tax	How Is CGT Calculated When Selling a Buy-to-Let Property? Step-by-Step Guide	CGT Selling Buy-to-Let Property: Complete Calculation Guide for UK Landlords
cgt-selling-multiple-properties-same-year	Capital Gains Tax	How Is CGT Calculated When Selling Multiple Properties in the Same Year?	How Is CGT Calculated When Selling Multiple Properties in the Same Year?
cheltenham-property-accountant-landlord-tax-services	Property Accountant Services	Why Do Cheltenham Landlords Need a Specialist Property Accountant in 2026?	Why Do Cheltenham Landlords Need a Specialist Property Accountant in 2026?
claim-mortgage-interest-rental-property-uk-section-24	Section 24 & Tax Relief	How to Claim Mortgage Interest on UK Rental Property 2025/26 (Section 24 in Practice)	How to Claim Mortgage Interest on UK Rental Property 2025/26 (Section 24 in Practice)
close-investment-holding-company-property	Incorporation & Company Structures	Close Investment-Holding Companies and Property: Why Most BTL Companies Are Not CIHCs	Close Investment-Holding Companies and Property: Why Most BTL Companies Are Not CIHCs
commercial-property-tax-landlords-rates-reliefs-allowances	Property Types & Specialist Tax	What Tax Do Commercial Property Landlords Pay? Rates, Reliefs and Allowances Explained	Commercial Property Tax for Landlords: Rates, Reliefs, and Allowances
corporation-tax-marginal-relief-property-companies	Incorporation & Company Structures	Corporation Tax Marginal Relief for Property Companies: The Associated-Company Squeeze	Corporation Tax Marginal Relief for Property Companies: The Associated-Company Squeeze
corporation-tax-rates-property-companies-2026-27	Incorporation & Company Structures	What Are Corporation Tax Rates for Property Companies in 2026/27?	Corporation Tax Rates for Property Companies 2026/27: Complete Guide
corporation-tax-vs-income-tax-landlords-2027	Incorporation & Company Structures	Corporation Tax vs Income Tax for Landlords: Which Is Better in 2027?	Corporation Tax vs Income Tax for Landlords: Which Is Better in 2027?
coventry-property-accountant	Property Accountant Services	Coventry Property Accountant: Expert Services for Local Landlords	Coventry Property Accountant: Expert Services for Local Landlords
deposit-buy-to-let-2026-mortgage-requirements	Landlord Tax Essentials	How Much Deposit Do You Need for a Buy-to-Let in 2026?	How Much Deposit Do You Need for a Buy-to-Let in 2026?
derby-property-accountant-specialist-tax-services-local-landlords	Property Accountant Services	Why Do Derby Landlords Need a Specialist Property Accountant?	Why Do Derby Landlords Need a Specialist Property Accountant?
director-loan-account-property-company-mechanics	Incorporation & Company Structures	Director's Loan Account in a Property Company: Mechanics, Section 455 and the £10,000 BIK Rule	Director's Loan Account in a Property Company: Mechanics, Section 455 and the £10,000 BIK Rule
director-loan-property-company	Incorporation & Company Structures	Director Loans in Property Companies: Tax Rules and Implications	Director Loan Property Company: Understanding Tax Implications
diy-housebuilders-vat-refund-scheme	Property Types & Specialist Tax	DIY Housebuilders' VAT Refund Scheme: How Self-Builders Reclaim VAT	DIY Housebuilders' VAT Refund Scheme: How Self-Builders Reclaim Materials VAT
domestic-reverse-charge-construction-vat-landlords	Landlord Tax Essentials	Domestic Reverse Charge for Construction: A VAT Guide for Property Landlords	Domestic Reverse Charge VAT for Construction: What Landlords and Developers Need to Know
end-tax-year-checklist-landlords-april-2026	Landlord Tax Essentials	End of Tax Year Checklist for Landlords: What to Do Before 5 April 2026	End of Tax Year Checklist for Landlords: What to Do Before 5 April 2026
exeter-property-accountant-specialist-tax-services	Property Accountant Services	Why Do Exeter Landlords Need a Specialist Property Accountant?	Why Do Exeter Landlords Need a Specialist Property Accountant?
extracting-money-from-property-limited-company	Incorporation & Company Structures	Extracting Money from a Property Limited Company: Salary, Dividends, Pension and DLA Repayment Compared	Extracting Money from a Property Limited Company: Salary, Dividends, Pension and DLA Repayment Compared
family-investment-company-property-worth-it	Incorporation & Company Structures	Family Investment Company for Property: Is It Worth It?	Family Investment Company for Property: Is It Worth It?
fic-complete-guide-property-wealth-transfer	Incorporation & Company Structures	FIC for Property: The Comprehensive Wealth-Transfer Reference	Family Investment Companies for Property: The Comprehensive Reference
fic-growth-shares-and-freezer-shares-design	Incorporation & Company Structures	FIC Growth Shares and Freezer Shares: Designing the Architecture	FIC Growth Shares and Freezer Shares: Designing the Wealth-Transfer Architecture
fic-iht-treatment-bpr-myth	Incorporation & Company Structures	FIC IHT Treatment: The Business Property Relief Myth Explained	FIC IHT Treatment and the BPR Myth: What Actually Saves Inheritance Tax in a Property FIC
fic-vs-discretionary-trust-property-comparison	Incorporation & Company Structures	FIC vs Discretionary Trust for Property: A Tax-Side Comparison	FIC vs Discretionary Trust for Property: A Tax-Side Comparison
finance-costs-section-24-complete-guide	Section 24 & Tax Relief	What Counts as Finance Costs Under Section 24? Complete UK Guide 2025	What Counts as Finance Costs Under Section 24? Complete UK Guide 2025
first-time-landlord-tax-guide-everything-you-need-to-know	Landlord Tax Essentials	First-Time Landlord Tax Guide: Everything You Need to Know Before Buying Your First BTL	First-Time Landlord Tax Guide: Everything You Need to Know Before Buying Your First BTL
full-expensing-capital-allowances	Property Types & Specialist Tax	'Full Expensing Capital Allowances: A Guide for UK Property Investors'	'Full Expensing Capital Allowances: A Guide for UK Property Investors'
furnished-holiday-let-tax-rules-exemptions	Section 24 & Tax Relief	'Furnished Holiday Let Tax: Rules, Abolition and What Happens Now'	'Furnished Holiday Let Tax: Rules, Abolition and What Happens Now'
hmo-capital-allowances-multi-tenant-landlords-claim	Property Types & Specialist Tax	HMO Capital Allowances: What Can Multi-Tenant Landlords Claim?	HMO Capital Allowances: What Can Multi-Tenant Landlords Claim?
hmo-landlord-accounting-multi-tenant-property-tax	Landlord Tax Essentials	HMO Landlord Accounting: Multi-Tenant Property Tax Guide	HMO Landlord Accounting: Multi-Tenant Property Tax Guide
hmo-licensing-fees-tax-deductible-uk-landlords	Property Types & Specialist Tax	Are HMO Licensing Fees Tax Deductible for UK Landlords?	Are HMO Licensing Fees Tax Deductible for UK Landlords?
hmo-tax-guide-rental-income-deductions-multi-tenant	Property Types & Specialist Tax	HMO Tax Guide: How to Calculate Rental Income and Claim Deductions on Multi-Tenant Properties	HMO Tax Guide: How to Calculate Rental Income and Claim Deductions on Multi-Tenant Properties
hmo-vs-standard-buy-to-let-tax-comparison	Property Types & Specialist Tax	HMO vs Standard Buy-to-Let: Which Property Type Offers Better Tax Advantages?	HMO vs Standard Buy-to-Let: Which Property Type Offers Better Tax Advantages?
hmrc-penalties-late-landlord-tax-returns-2026	Landlord Tax Essentials	What Are the HMRC Penalties for Late Landlord Tax Returns in 2026?	What Are the HMRC Penalties for Late Landlord Tax Returns in 2026?
holiday-let-tax-calculator-fhl-changes	Property Types & Specialist Tax	Holiday Let Tax Calculator: How to Work Out Your Tax Bill After FHL Changes	Holiday Let Tax Calculator: How to Work Out Your Tax Bill After FHL Changes
housing-development-finance	Property Types & Specialist Tax	'Housing Development Finance: A Complete Guide for UK Developers'	'Housing Development Finance: A Complete Guide for UK Developers'
how-much-does-a-property-accountant-cost	Property Accountant Services	How Much Does a Property Accountant Cost: UK Pricing Guide 2026	How Much Does a Property Accountant Cost in the UK?
how-much-tax-holiday-let-property-uk	Property Types & Specialist Tax	How Much Tax Do You Pay on a Holiday Let Property in the UK?	How Much Tax Do You Pay on a Holiday Let Property in the UK?
how-much-tax-rental-income-uk-complete-guide	Landlord Tax Essentials	How Much Tax Do I Pay on UK Rental Income? 2026/27 Calculation Walkthrough	How Much Tax Do I Pay on UK Rental Income? 2026/27 Calculation Walkthrough
how-to-become-property-accountant	Property Accountant Services	How to Become a Property Accountant: Complete UK Career Guide	How to Become a Property Accountant: Complete UK Career Guide
how-to-calculate-net-rental-income-after-all-costs-uk-guide	Landlord Tax Essentials	How to Calculate Net Rental Income After All Costs: UK Guide 2026	How to Calculate Net Rental Income After All Costs: UK Guide 2026
how-to-calculate-section-24-tax-credit-step-by-step	Section 24 & Tax Relief	How to Calculate Your Section 24 Tax Credit Step by Step	How to Calculate Your Section 24 Tax Credit Step by Step
how-to-choose-a-property-accountant	Property Accountant Services	How to Choose a Property Accountant: Complete Guide for UK Landlords	How to Choose a Property Accountant: Complete Guide for UK Landlords
how-to-choose-right-property-company-structure-uk-landlords-2026	Incorporation & Company Structures	How to Choose the Right Property Company Structure for UK Landlords in 2026	How to Choose the Right Property Company Structure for UK Landlords in 2026
how-to-complete-landlord-self-assessment-filing-step-by-step-guide	Landlord Tax Essentials	How to File Landlord Self Assessment 2025/26: Step-by-Step Guide for SA105 and MTD	How to File Landlord Self Assessment 2025/26 (SA105 Step-by-Step)
how-to-register-mtd-landlord-step-by-step-guide	Making Tax Digital (MTD)	How to Register for Making Tax Digital as a Landlord: Complete Step-by-Step Guide 2026	How to Register for Making Tax Digital as a Landlord: Complete Step-by-Step Guide 2026
how-to-report-property-sale-hmrc-60-days	Capital Gains Tax	How to Report a Property Sale to HMRC Within 60 Days: Complete Guide 2026	How to Report a Property Sale to HMRC Within 60 Days: Complete Guide 2026
how-to-scale-buy-to-let-portfolio-1-to-10-properties	Portfolio Management	How to Scale a Buy-to-Let Portfolio from 1 to 10 Properties in 2026	How to Scale a Buy-to-Let Portfolio from 1 to 10 Properties in 2026
how-to-set-up-property-investment-company-uk-guide	Incorporation & Company Structures	How to Set Up a Property Investment Company: Complete UK Guide 2025	How to Set Up a Property Investment Company: Step-by-Step Guide for UK Landlords
how-to-switch-self-assessment-mtd-property-income	Making Tax Digital (MTD)	How to Switch from Self Assessment to MTD for Property Income in 2026	How to Switch from Self Assessment to MTD for Property Income in 2026
how-to-transfer-property-into-limited-company-uk	Incorporation & Company Structures	How to Transfer Property Into a Limited Company UK: Complete Guide for Landlords	How to Transfer Property Into a Limited Company UK
how-to-value-rental-property-portfolio-tax-purposes	Portfolio Management	How to Value a Rental Property Portfolio for Tax Purposes	How to Value a Rental Property Portfolio for Tax Purposes
income-tax-rates-landlords-2026-27-complete-guide	Landlord Tax Essentials	What Are the Income Tax Rates for Landlords in 2026/27?	Income Tax Rates for Landlords 2026/27: Complete Band Guide
incorporate-rental-property-without-cgt	Incorporation & Company Structures	How to Incorporate Rental Property Without Triggering CGT	How to Incorporate Rental Property Without Triggering CGT
incorporating-hmo-portfolio-to-limited-company	Incorporation & Company Structures	Incorporating an HMO Portfolio into a Limited Company: Capital Allowances, Licensing and Mortgage Mechanics	Incorporating an HMO Portfolio into a Limited Company: Capital Allowances, Licensing and Mortgage Mechanics
incorporating-property-portfolio-uk-2026	Incorporation & Company Structures	Incorporating a Property Portfolio UK: Step-by-Step 2026 Guide	Incorporating a Property Portfolio UK: Step-by-Step 2026 Guide
incorporation-case-study-10-property-portfolio-200k-mortgage	Incorporation & Company Structures	Incorporation Case Study: 10-Property Portfolio with £200k Mortgage	Incorporation Case Study: 10-Property Portfolio with £200k Mortgage
incorporation-case-study-5-property-portfolio-analysis	Incorporation & Company Structures	Incorporation Case Study: 5-Property Portfolio Analysis	Incorporation Case Study: 5-Property Portfolio Analysis
incorporation-cost-calculator-cgt-sdlt-implications	Incorporation & Company Structures	Incorporation Cost Calculator: Understanding CGT and SDLT Implications for UK Landlords	Incorporation Cost Calculator: CGT and SDLT Implications for UK Landlords
incorporation-existing-portfolios-phased-approach	Incorporation & Company Structures	Incorporation for Existing Portfolios: A Phased Approach Guide	Incorporation for Existing Portfolios: A Phased Approach Guide
incorporation-holdover-relief-property	Incorporation & Company Structures	Incorporation Holdover Relief for Property: Complete UK Guide	Holdover Relief Property: How It Works for UK Property Incorporation
incorporation-timing-when-to-incorporate-property-portfolio	Incorporation & Company Structures	Incorporation Timing: When is the Right Time to Incorporate Your Property Portfolio?	Incorporation Timing: When is the Right Time to Incorporate Your Property Portfolio?
inheritance-tax-rental-property-uk-guide	Landlord Tax Essentials	Inheritance Tax on Rental Property Portfolios: UK Guide 2026	Inheritance Tax on Rental Property Portfolios: UK Guide 2026
integral-features-capital-allowances	Property Types & Specialist Tax	'Integral Features Capital Allowances: A Complete Guide for UK Property Investors'	'Integral Features Capital Allowances: A Complete Guide for UK Property Investors'
ipswich-property-accountant-tax-services-local-landlords	Property Accountant Services	Why Do Ipswich Landlords Need a Property Accountant in 2026?	Why Do Ipswich Landlords Need a Property Accountant in 2026?
landlord-accounting-software-uk-best-options-2026	Making Tax Digital (MTD)	'Landlord Accounting Software UK: Best Options 2026'	'Landlord Accounting Software UK: Best Options 2026'
landlord-accounting-spreadsheet-template-free-excel-guide	Landlord Tax Essentials	Landlord Accounting Spreadsheet Template: Free Excel Guide for UK Property Investors	Free Landlord Accounting Spreadsheet Template: Complete Excel Guide for UK Property Investors
landlord-capital-allowances-tax-relief	Section 24 & Tax Relief	Landlord Capital Allowances: A Complete Guide to Tax Relief	Landlord Capital Allowances: Maximising Tax Relief on Property Equipment
landlord-expenses-allowable-uk-2026	Section 24 & Tax Relief	Landlord Allowable Expenses UK 2025/26: The Full Deductions List	Landlord Allowable Expenses UK 2025/26: The Full Deductions List
landlord-incorporation-step-by-step-guide-uk	Incorporation & Company Structures	Landlord Incorporation: Step-by-Step Guide UK	Landlord Incorporation: Step-by-Step Guide UK
landlord-insurance-guide-types-costs-tax-deductible	Landlord Tax Essentials	What Types of Landlord Insurance Do You Need and Are They Tax Deductible?	What Types of Landlord Insurance Do You Need and Are They Tax Deductible?
landlord-insurance-tax-deductible	Section 24 & Tax Relief	Landlord Insurance and Tax: Deductible Premiums and Taxable Payouts	'Landlord Insurance and Income Tax: Deductible Premiums and Taxable Payouts'
landlord-tax-calendar-2026-27-key-dates	Landlord Tax Essentials	Landlord Tax Calendar 2026/27: Every Key Date You Need	Landlord Tax Calendar 2026/27: Every Key Date You Need
landlord-tax-changes-2026-complete-guide	Landlord Tax Essentials	What Are the Major Landlord Tax Changes Coming in 2026?	What Are the Major Landlord Tax Changes Coming in 2026?
landlord-tax-deductions-uk-2026-complete-list	Section 24 & Tax Relief	Landlord Tax Deductions UK 2026: Complete List	Landlord Tax Deductions UK 2026: Complete List of Allowable Expenses
landlord-tax-return-complete-guide-2026	Landlord Tax Essentials	Landlord Tax Return: Complete Guide 2026	Landlord Tax Return: Complete Guide 2026
landlord-tax-return-deadline-2026	Making Tax Digital (MTD)	Landlord Tax Return Deadline 2026: Key Dates & Tax Band Changes	Landlord Tax Return Deadline 2026: Key Dates & Tax Band Changes
landlord-vat-registration-when-required	Landlord Tax Essentials	Landlord VAT Registration 2026/27: When Required, Option to Tax, and Holiday-Let Rules	Landlord VAT Registration 2026/27: When Is It Required?
leeds-property-accountant-specialist-tax-services	Property Accountant Services	Why Do Leeds Landlords Need a Specialist Property Accountant?	Why Do Leeds Landlords Need a Specialist Property Accountant?
letting-relief-landlords-2026-changes	Capital Gains Tax	What Letting Relief Is Left for Landlords After the 2026 Changes?	What Letting Relief Is Left for Landlords After the 2026 Changes?
limited-company-vs-personal-ownership-tax-comparison-2026	Incorporation & Company Structures	Limited Company vs. Personal Ownership: UK Property Tax Comparison 2026	Limited Company vs. Personal Ownership: UK Property Tax Comparison 2026
liverpool-property-accountant-tax-services-landlords	Property Accountant Services	Property Accountants Liverpool: Landlord Tax Services & Section 24 Help	Property Accountants Liverpool: Landlord Tax, Section 24 & MTD Help
llp-property-investment-worth-considering	Incorporation & Company Structures	LLP for Property Investment: Is It Worth Considering?	LLP for Property Investment: Is It Worth Considering?
london-property-accountant	Property Accountant Services	Buy-to-Let Accountant London: Tax Planning for Landlords and Investors 2026/27	Buy-to-Let Accountant London: Tax Planning for Landlords and Investors
making-tax-digital-landlords-april-2026-deadline	Making Tax Digital (MTD)	Making Tax Digital for Landlords: April 2026 Deadline Explained	Making Tax Digital for Landlords: April 2026 Deadline Explained
making-tax-digital-property-income-2026-complete-guide	Making Tax Digital (MTD)	Making Tax Digital for Property Income 2026: Complete Landlord Guide	Making Tax Digital for Property Income 2026: Complete Landlord Guide
manchester-property-accountant	Property Accountant Services	Manchester Property Accountant: Expert Services for UK Landlords	Manchester Property Accountant: Expert Services for UK Landlords
mortgage-arrangement-fees-deductible-landlord	Section 24 & Tax Relief	Can Landlords Deduct Mortgage Arrangement Fees and Broker Costs?	Can Landlords Deduct Mortgage Arrangement Fees and Broker Costs?
mortgage-interest-deductible-landlords-uk-2026	Section 24 & Tax Relief	Is Mortgage Interest Deductible for UK Landlords in 2026?	Is Mortgage Interest Deductible for UK Landlords in 2026?
mtd-penalties-landlords-miss-deadline	Making Tax Digital (MTD)	MTD Penalties for Landlords: What Happens If You Miss a Deadline?	MTD Penalties for Landlords: What Happens If You Miss a Deadline?
mtd-quarterly-deadlines-2026-2027-landlords	Making Tax Digital (MTD)	MTD Quarterly Deadlines 2026/27 for UK Landlords: Dates, Penalties, Set-up	MTD Quarterly Deadlines 2026/27 for UK Landlords
mtd-quarterly-reporting-landlords-step-by-step-guide	Making Tax Digital (MTD)	MTD Quarterly Reporting for Landlords: Step-by-Step Guide 2026	MTD Quarterly Reporting for Landlords: Step-by-Step Guide 2026
mtd-record-keeping-landlords-digital-requirements	Making Tax Digital (MTD)	MTD Record Keeping for Landlords: What Digital Records Must You Store?	MTD Record Keeping for Landlords: What Digital Records Must You Store?
mtd-rental-income-threshold-exemptions	Making Tax Digital (MTD)	MTD for Rental Income: Thresholds, Exemptions and What Landlords Must Do	MTD for Rental Income: Thresholds, Exemptions and What Landlords Must Do
mtd-software-landlords-free-vs-paid-options-compared	Making Tax Digital (MTD)	MTD Software for Landlords: Free vs Paid Options Compared	MTD Software for Landlords: Free vs Paid Options Compared
multi-property-landlord-tax-planning-strategies-5-plus-properties	Portfolio Management	How Should Multi-Property Landlords Structure Tax Planning for 5+ Properties?	Multi-Property Landlord Tax Planning: Essential Strategies for Large Portfolios
newcastle-property-accountant-landlord-tax-services	Property Accountant Services	Why Newcastle Landlords Need a Specialist Property Accountant in 2026	Why Newcastle Landlords Need a Specialist Property Accountant in 2026
non-resident-cgt-selling-uk-property-overseas-guide	Non-Resident Landlord Tax	Non-Resident CGT When Selling UK Property: Complete Tax Guide 2026	Non-Resident CGT When Selling UK Property: Complete Tax Guide 2026
non-resident-cgt-uk-property-rates-reporting	Non-Resident Landlord Tax	Non-Resident CGT on UK Property: What Are the Rates and Reporting Requirements?	Non-Resident CGT on UK Property: What Are the Rates and Reporting Requirements?
non-resident-landlord-scheme-uk-complete-guide	Non-Resident Landlord Tax	Non-Resident Landlord Scheme UK: Complete Guide for Overseas Property Investors	Non-Resident Landlord Scheme UK: Complete Guide for Overseas Property Investors
non-resident-landlord-self-assessment-filing-requirements	Non-Resident Landlord Tax	Non-Resident Landlord Self Assessment: UK Filing Requirements (2026/27)	Non-Resident Landlord Self Assessment: UK Filing Requirements
nrl-approval-receive-rent-gross-hmrc-guide	Non-Resident Landlord Tax	How to Apply for NRL Approval to Receive Rent Gross: Complete HMRC Guide	How to Apply for NRL Approval to Receive Rent Gross: Complete HMRC Guide
nrl-withholding-tax-20-percent-basic-rate-deduction	Non-Resident Landlord Tax	NRL Withholding Tax: How the 20% Deduction Works (2026 Guide)	NRL Withholding Tax: How the 20% Deduction Works (2026 Guide)
online-property-accountant-remote-accounting	Property Accountant Services	Online Property Accountant: Is Remote Accounting Right for Your Portfolio?	Online Property Accountant: Is Remote Accounting Right for Your Portfolio?
penalties-not-declaring-rental-income-hmrc	Landlord Tax Essentials	What Are the Penalties for Not Declaring Rental Income to HMRC?	What Are the Penalties for Not Declaring Rental Income to HMRC?
peterborough-property-accountant-specialist-tax-services	Property Accountant Services	Why Do Peterborough Landlords Need a Specialist Property Accountant?	Why Do Peterborough Landlords Need a Specialist Property Accountant?
plymouth-property-accountant-local-landlord-tax-services	Property Accountant Services	How Can a Plymouth Property Accountant Help Local Landlords Maximise Tax Efficiency?	Plymouth Property Accountant: Expert Tax Services for Local Landlords
portsmouth-property-accountant-landlord-tax-services	Property Accountant Services	Why Portsmouth Landlords Need a Specialist Property Accountant in 2026	Portsmouth Property Accountant: Expert Tax Services for Local Landlords
ppr-relief-calculation-former-home-step-by-step	Capital Gains Tax	How to Calculate PPR Relief on Your Former Home: Step-by-Step Guide	How to Calculate PPR Relief on Your Former Home: Step-by-Step Guide
pre-letting-expenses-landlord-claim-before-first-tenant	Landlord Tax Essentials	Pre-Letting Expenses: What Can Landlords Claim Before First Tenant?	Pre-Letting Expenses: What Can Landlords Claim Before First Tenant?
principal-private-residence-relief-landlords	Capital Gains Tax	Principal Private Residence Relief for Landlords: Complete UK Guide	Principal Private Residence Relief for Landlords: Complete UK Guide
property-accountant-aberdeen-landlords-tax-services	Property Accountant Services	Why Aberdeen Landlords Need a Specialist Property Accountant in 2026	Why Aberdeen Landlords Need a Specialist Property Accountant in 2026
property-accountant-bath-expert-tax-services-local-landlords	Property Accountant Services	Why Do Bath Landlords Need a Specialist Property Accountant?	Why Do Bath Landlords Need a Specialist Property Accountant?
property-accountant-bournemouth-landlords-tax-services	Property Accountant Services	Property Accountant Bournemouth: BTL & Student-Let Tax for BCP Landlords 2026/27	Property Accountant Bournemouth: BTL and Student-Let Tax for BCP Landlords 2026/27
property-accountant-dundee-landlord-tax-services	Property Accountant Services	Why Dundee Landlords Need a Specialist Property Accountant in 2026	Why Dundee Landlords Need a Specialist Property Accountant in 2026
property-accountant-edinburgh-landlord-tax-services	Property Accountant Services	Why Edinburgh Landlords Need a Specialist Property Accountant in 2026	Edinburgh Property Accountant: Specialist Tax Services for Local Landlords
property-accountant-glasgow	Property Accountant Services	Property Accountant Glasgow: Expert Tax Services for Landlords	Property Accountant Glasgow: Expert Tax Services for UK Landlords
property-accountant-jobs-uk	Property Accountant Services	Property Accountant Jobs UK: Career Guide for Tax Professionals (2026)	Property Accountant Jobs UK: Career Paths, Qualifications, Salary
property-accountant-leicester	Property Accountant Services	Property Accountant Leicester: Expert Tax Services for UK Landlords	Property Accountant Leicester: Expert Tax Services for UK Landlords
property-accountant-middlesbrough-specialist-tax-services	Property Accountant Services	Why Do Middlesbrough Landlords Need a Specialist Property Accountant?	Property Accountant Middlesbrough: Specialist Tax Services for Local Landlords
property-accountant-milton-keynes-landlord-guide	Property Accountant Services	How to Choose a Property Accountant in Milton Keynes: A Landlord's Complete Guide	How to Choose a Property Accountant in Milton Keynes: A Landlord's Complete Guide
property-accountant-near-me	Property Accountant Services	Property Accountant Near Me: Finding the Right UK Property Tax Specialist	Property Accountant Near Me: Finding the Right UK Property Tax Specialist
property-accountant-northampton-expert-services	Property Accountant Services	Why Choose a Property Accountant in Northampton for Your Rental Portfolio?	Why Choose a Property Accountant in Northampton for Your Rental Portfolio?
property-accountant-norwich-landlords-2026	Property Accountant Services	Why Norwich Landlords Need a Specialist Property Accountant in 2026	Why Norwich Landlords Need a Specialist Property Accountant in 2026
property-accountant-nottingham-landlords	Property Accountant Services	Property Accountant Nottingham 2026/27: BTL, HMO and Selective-Licensing Tax for Landlords	Property Accountant Nottingham: BTL and HMO Tax for Landlords 2026/27
property-accountant-oxford-guide-local-landlords	Property Accountant Services	Looking for a Property Accountant in Oxford? Complete Guide for Local Landlords	Property Accountant Oxford: Expert Tax Services for Local Landlords
property-accountant-preston-expert-tax-services-local-landlords	Property Accountant Services	Why Do Preston Landlords Need a Specialist Property Accountant?	Why Do Preston Landlords Need a Specialist Property Accountant?
property-accountant-reading-specialist-tax-services	Property Accountant Services	Why Reading Landlords Need a Specialist Property Accountant in 2026	Property Accountant Reading: Specialist Tax Services for Local Landlords
property-accountant-salary-complete-guide	Property Accountant Services	Property Accountant Salary: Complete Guide for UK Professionals	Property Accountant Salary: Complete Guide for UK Professionals
property-accountant-services	Property Accountant Services	Property Accountant Services: Expert Tax and Advisory Solutions for UK Landlords	Property Accountant Services: Expert Tax and Advisory Solutions for UK Landlords
property-accountant-stockport-landlords	Property Accountant Services	Why Do Stockport Landlords Need a Specialist Property Accountant?	Why Do Stockport Landlords Need a Specialist Property Accountant?
property-accountant-swansea-landlord-tax-services	Property Accountant Services	Why Do Swansea Landlords Need a Specialist Property Accountant?	Why Do Swansea Landlords Need a Specialist Property Accountant?
property-accountant-vs-general-accountant	Property Accountant Services	Property Accountant vs General Accountant: What's the Difference?	Property Accountant vs General Accountant: What's the Difference?
property-accountant-warrington-landlord-services-2026	Property Accountant Services	What Property Accountant Services Do Warrington Landlords Need in 2026?	Property Accountant Warrington: Essential Tax Services for Local Landlords
property-accountant-wolverhampton-specialist-tax-services	Property Accountant Services	Why Do Wolverhampton Landlords Need a Specialist Property Accountant?	Why Do Wolverhampton Landlords Need a Specialist Property Accountant?
property-accounting-software-uk-2026	Making Tax Digital (MTD)	What Is the Best Property Accounting Software UK 2026? Compared by Use Case	Property Accounting Software UK 2026: Compared by Use Case for Landlords
property-business-rates-council-tax-landlords	Landlord Tax Essentials	Property Business Rates vs Council Tax: What UK Landlords Need to Know	Property Business Rates vs Council Tax: What UK Landlords Need to Know
property-capital-gains-tax-calculator	Capital Gains Tax	Property Capital Gains Tax Calculator: Complete Guide for UK Landlords	Property Capital Gains Tax Calculator: Complete Guide for UK Landlords
property-company-accounting-requirements-hmrc-expectations	Incorporation & Company Structures	What Are the Key Property Company Accounting Requirements HMRC Expects?	Property Company Accounting Requirements: What HMRC Expects
property-company-dividend-tax	Incorporation & Company Structures	Property Company Dividend Tax: How Much Will I Pay?	Property Company Dividend Tax: How Much Will I Pay?
property-company-employer-pension-contributions-directors	Incorporation & Company Structures	Can Property Companies Make Employer Pension Contributions for Directors?	Can Property Companies Make Employer Pension Contributions for Directors?
property-company-group-relief-corporation-tax	Incorporation & Company Structures	Corporation Tax Group Relief for Property Companies: Surrendering Losses Across SPVs	Corporation Tax Group Relief for Property Companies: Surrendering Losses Across SPVs
property-company-profit-extraction-salary-vs-dividends	Incorporation & Company Structures	Property Company Profit Extraction: Salary vs Dividends	Property Company Profit Extraction: Salary vs Dividends
property-company-running-costs-annual-budget	Incorporation & Company Structures	What Are Property Company Running Costs and How Much Should You Budget Annually?	Property Company Running Costs: Annual Budget Guide for UK Landlords
property-development-tax-trading-vs-investment-income	Property Types & Specialist Tax	Property Development Tax: Trading vs Investment Income for UK Developers	Property Development Tax: Trading vs Investment Income
property-improvements-reduce-cgt-enhancement-expenditure	Capital Gains Tax	What Property Improvements Reduce CGT: Enhancement Expenditure Explained	What Property Improvements Reduce CGT: Enhancement Expenditure Explained
property-investment-benchmarks-uk-2026-good-yield	Portfolio Management	What's a Good Property Investment Yield in the UK for 2026?	What's a Good Property Investment Yield in the UK for 2026?
property-investment-company-structure-planning	Incorporation & Company Structures	Property Investment Company Structure Planning: A Complete Guide for UK Landlords	Property Investment Company Structure Planning: A Complete Guide for UK Landlords
property-investment-exit-strategy-planning-guide	Portfolio Management	Property Investment Exit Strategy: Planning the Sale of a UK Portfolio	Property Investment Exit Strategy: Planning the Sale of a UK Portfolio
property-investment-tax-uk-complete-guide-2026	Landlord Tax Essentials	Property Investment Tax UK: Complete Guide 2026	Property Investment Tax UK: Complete Guide 2026
property-investment-vs-stocks-shares-tax-comparison	Landlord Tax Essentials	'Property Investment vs Stocks and Shares: Which Is Better for Tax?'	'Property Investment vs Stocks and Shares: A Tax Comparison for UK Investors'
property-management-accounting-services	Property Accountant Services	Property Management Accounting Services: Expert Support for UK Landlords	Property Management Accounting Services: Expert Support for UK Landlords
property-portfolio-accounting-tracking-profitability	Portfolio Management	Property Portfolio Accounting: Tracking Profitability by Property	Property Portfolio Accounting: How to Track Profitability by Individual Property
property-portfolio-review-checklist-landlords-2026	Portfolio Management	Property Portfolio Review: Annual Checklist for Landlords in 2026	Property Portfolio Review: Annual Checklist for Landlords in 2026
property-specialist-accountant-london	Property Accountant Services	What Does a Property Specialist Accountant in London Do for Landlords?	What Does a Property Specialist Accountant in London Do for Landlords?
record-keeping-landlords-what-track-how-long-keep	Landlord Tax Essentials	What Records Should UK Landlords Keep and for How Long?	What Records Should UK Landlords Keep and for How Long?
reduce-cgt-property-disposal-uk	Capital Gains Tax	How to Reduce CGT on Property Disposal in the UK: A Practical Guide for Landlords	How to Reduce CGT on Property Disposal in the UK
reduce-void-periods-rental-properties-uk-landlords	Portfolio Management	How to Reduce Void Periods on Rental Properties: 12 Proven Strategies for UK Landlords	How to Reduce Void Periods on Rental Properties: 12 Proven Strategies for UK Landlords
refinancing-rental-property-when-does-it-make-financial-sense	Portfolio Management	When Does Refinancing a Rental Property Make Financial Sense?	When Does Refinancing a Rental Property Make Financial Sense?
rent-a-room-relief-uk-landlords-lodgers-guide	Section 24 & Tax Relief	Rent a Room Allowance 2026: £7,500 Tax-Free Guide for UK Landlords	Rent a Room Allowance 2026: £7,500 Tax-Free Guide for UK Landlords
rental-income-tax-calculator	Section 24 & Tax Relief	Rental Income Tax Calculator: Work Out Your Tax	Rental Income Tax Calculator: Work Out Your Tax
rental-income-tax-uk-complete-guide-landlords	Section 24 & Tax Relief	Rental Income Tax UK: Complete Guide for Landlords 2026	Rental Income Tax UK: Complete Guide for Landlords 2026
rental-yield-calculator-guide-uk-landlords	Landlord Tax Essentials	Rental Yield Calculator Guide for UK Landlords	Rental Yield Calculator: Complete Guide for UK Property Investors
rental-yield-vs-roi-property-investors-uk	Portfolio Management	Rental Yield vs ROI: What's the Difference for UK Property Investors?	Rental Yield vs ROI: What's the Difference for UK Property Investors?
renters-rights-act-2026-tax-implications-landlords	Landlord Tax Essentials	How Will the Renters' Rights Act 2026 Affect Your Tax Position as a UK Landlord?	How Will the Renters' Rights Act 2026 Affect Your Tax Position as a UK Landlord?
replacement-domestic-items-relief-uk-landlords-guide	Section 24 & Tax Relief	What Is Replacement Domestic Items Relief and What Can UK Landlords Claim?	What Is Replacement Domestic Items Relief and What Can UK Landlords Claim?
report-property-sale-hmrc-60-days-guide	Capital Gains Tax	How to Report a Property Sale to HMRC Within 60 Days: Complete Guide	How to Report a Property Sale to HMRC Within 60 Days: Complete Guide
residential-property-developer-tax-uk	Incorporation & Company Structures	Residential Property Developer Tax UK: Complete Guide for 2026	Residential Property Developer Tax UK: Complete Guide for 2026
retained-profits-property-company-tax-advantages	Incorporation & Company Structures	How Do Retained Profits in a Property Company Provide Tax Advantages?	How Do Retained Profits in a Property Company Provide Tax Advantages?
rollover-relief-property-landlords	Capital Gains Tax	Rollover Relief for Property: When Can Landlords Use It?	Rollover Relief for Property: When Can Landlords Use It?
sa105-property-income-form-2026-complete-guide	Landlord Tax Essentials	How to Complete SA105 Property Income Form 2026: Complete Landlord Guide	SA105 Property Income Form 2026: Complete Guide for UK Landlords
sdlt-5-percent-surcharge-refund-claim-process	Landlord Tax Essentials	How to Claim a Refund of the 5% SDLT Additional Dwellings Surcharge	How to Claim a Refund of the 5% SDLT Additional Dwellings Surcharge
sdlt-buy-to-let-rates-surcharge-guide-2025	Landlord Tax Essentials	SDLT Rates for Buy-to-Let and Limited Companies: 2026/27 Guide	SDLT on Buy-to-Let and Limited Company Purchases: 2026/27 Rate Guide
sdlt-furnished-holiday-let-2025-abolition	Property Types & Specialist Tax	Is There Stamp Duty on Furnished Holiday Lettings After the 2025 Abolition?	Is There Stamp Duty on Furnished Holiday Lettings After the 2025 Abolition?
sdlt-group-relief-for-corporate-landlord-portfolios	Incorporation & Company Structures	SDLT Group Relief for Corporate Landlord Portfolios: Qualifying Conditions and the 3-Year Clawback	SDLT Group Relief for Property Companies: Conditions, Clawback and Worked SPV Restructure
sdlt-incorporation-stamp-duty-twice	Incorporation & Company Structures	SDLT on Incorporation: Do I Pay Stamp Duty Twice in 2026/27?	SDLT on Incorporation: Do I Pay Stamp Duty Twice in 2026/27?
sdlt-leasehold-extension-vs-fresh-purchase	Landlord Tax Essentials	SDLT on Leasehold Extensions: How the Premium Is Taxed and Why It Beats a Fresh Purchase	SDLT on Leasehold Extensions: Premium, Rent NPV, the Surcharge Trap, and Why Extension Almost Always Beats Buying Fresh
sdlt-mixed-use-property-classification	Landlord Tax Essentials	SDLT Mixed-Use Property Classification: The Case Law, the Test, and What Actually Counts	SDLT Mixed-Use Property: The Statutory Test, the Case Law, and What Genuinely Counts
sdlt-non-resident-2-percent-surcharge	Non-Resident Landlord Tax	The 2% Non-Resident SDLT Surcharge: Residence Test, Surcharge Stack, and Refund Route	Non-Resident SDLT 2% Surcharge: The Test, the Stack and the Refund
sdlt-on-probate-property-transfers	Landlord Tax Essentials	SDLT on Probate Property Transfers: When It Applies, When It Doesn't	SDLT and Probate Property: The Five Transfer Types and How Each Is Taxed
sdlt-refund-scams-how-to-avoid	Landlord Tax Essentials	SDLT Refund Scams: How to Spot Them and What Real Refund Routes Actually Look Like	SDLT Refund Scams: The Cold-Call Pattern, the Real Routes, and What HMRC Actually Pays
sdlt-shared-ownership-staircasing	Landlord Tax Essentials	Shared Ownership SDLT and Staircasing: Market-Value Election vs Pay-in-Stages	Shared Ownership SDLT: How the Two Routes Differ and What Staircasing Costs
sdlt-six-dwellings-non-residential-election	Incorporation & Company Structures	SDLT Six-Dwellings Rule: Automatic Non-Residential Treatment and Worked Saving	The SDLT Six-Dwellings Rule: How It Works and What It Saves
sdlt-sub-sale-relief-mechanics	Incorporation & Company Structures	SDLT Sub-Sale Relief: What It Actually Does (and the Incorporation Myth)	SDLT Sub-Sale Relief: What Section 45 FA 2003 Actually Covers
sdlt-transfer-property-company-cost	Incorporation & Company Structures	SDLT on Transferring Property to a Company: How Much Will I Pay?	SDLT on Transferring Property to a Company: How Much Will I Pay?
section-162-incorporation-relief-property-landlords	Incorporation & Company Structures	Does Section 162 Incorporation Relief Apply to Property Landlords?	Does Section 162 Incorporation Relief Apply to Property Landlords?
section-24-2027-tax-year-planning-landlords	Section 24 & Tax Relief	Section 24 and the 2027 Tax Year: How Should Landlords Plan Ahead?	Section 24 and the 2027 Tax Year: How Should Landlords Plan Ahead?
section-24-2027-tax-year-planning-uk-landlords	Section 24 & Tax Relief	Section 24 and 2027 Tax Year Planning: What Changes for UK Landlords?	Section 24 and 2027 Tax Year Planning: What Changes for UK Landlords?
section-24-basic-rate-taxpayers	Section 24 & Tax Relief	Section 24 and Basic Rate Taxpayers: Are You Affected?	Section 24 and Basic Rate Taxpayers: Are You Affected?
section-24-calculator	Section 24 & Tax Relief	Section 24 Calculator: Calculate Your Tax Impact	Section 24 Calculator: Calculate Your Tax Impact
section-24-case-study-100k-rental-income-portfolio	Section 24 & Tax Relief	Section 24 Case Study: £100k Rental Income Portfolio	Section 24 Case Study: How £100k Rental Income Portfolio Faces £12k Tax Hit
section-24-child-benefit-high-income-charge-landlords	Section 24 & Tax Relief	How Does Section 24 Affect Child Benefit for High-Earning Landlords?	How Does Section 24 Affect Child Benefit for High-Earning Landlords?
section-24-commercial-property-complete-guide	Property Types & Specialist Tax	Does Section 24 Apply to Commercial Property? Complete Guide for UK Landlords	Does Section 24 Apply to Commercial Property? Complete Guide for UK Landlords
section-24-employment-income-paye-landlords	Section 24 & Tax Relief	How Does Section 24 Affect Landlords with Employment Income?	How Does Section 24 Affect Landlords with Employment Income?
section-24-higher-rate-taxpayers-2026	Section 24 & Tax Relief	How Section 24 Affects Higher-Rate Taxpayer Landlords in 2026	How Section 24 Affects Higher-Rate Taxpayers: The Complete 2026 Guide for UK Landlords
section-24-higher-rate-taxpayers-changes-2027	Section 24 & Tax Relief	Section 24 for Higher Rate Taxpayers: What Changes in 2027?	Section 24 for Higher Rate Taxpayers: What Changes in 2027?
section-24-higher-rate-threshold-landlords	Section 24 & Tax Relief	How Does Section 24 Push Landlords Into Higher Rate Tax and What Can You Do?	How Does Section 24 Push Landlords Into Higher Rate Tax and What Can You Do?
section-24-interest-only-mortgage-tax-planning	Section 24 & Tax Relief	How Does Section 24 Affect Interest-Only BTL Mortgages vs Repayment Options?	How Does Section 24 Affect Interest-Only BTL Mortgages vs Repayment Options?
section-24-joint-property-ownership-tax-split	Section 24 & Tax Relief	Section 24 and Joint Property Ownership: How Is Tax Split?	Section 24 and Joint Property Ownership: How Is Tax Split?
section-24-mortgage-interest-restriction-uk-landlords	Section 24 & Tax Relief	Section 24 Mortgage Interest Restriction: Complete Guide for UK Landlords	Section 24 Mortgage Interest Restriction: Complete Guide for UK Landlords
section-24-multiple-properties-cumulative-impact	Section 24 & Tax Relief	How Does Section 24 Affect Landlords with Multiple Rental Properties?	How Does Section 24 Affect Landlords with Multiple Rental Properties?
section-24-pension-contributions-tax-planning	Section 24 & Tax Relief	Section 24 and Pension Contributions: Tax Planning Strategies for Landlords	Section 24 and Pension Contributions: Tax Planning Strategies for Landlords
section-24-personal-allowance-60-percent-tax-rate-landlords	Section 24 & Tax Relief	Section 24 and Loss of Personal Allowance: How Does the 60% Tax Rate Hit Landlords?	Section 24 and Loss of Personal Allowance: How Does the 60% Tax Rate Hit Landlords?
section-24-remortgaging-btl-property-tax-implications	Section 24 & Tax Relief	How Does Section 24 Apply When You Remortgage Your BTL Property?	How Does Section 24 Apply When You Remortgage Your BTL Property?
section-24-repeal-future-reversed	Section 24 & Tax Relief	Future of Section 24: Will It Be Reversed?	Future of Section 24: Will It Be Reversed?
section-24-self-assessment-tax-return	Section 24 & Tax Relief	How Does Section 24 Affect Your Self Assessment Tax Return?	How Does Section 24 Affect Your Self Assessment Tax Return?
section-24-tax-credit-20-percent-basic-rate-relief	Section 24 & Tax Relief	Section 24 Tax Credit: How Does the 20% Basic Rate Relief Actually Work?	Section 24 Tax Credit: How Does the 20% Basic Rate Relief Actually Work?
section-24-tax-relief-complete-guide	Section 24 & Tax Relief	Section 24 Tax Relief for Landlords: Complete Guide	Section 24 Tax Relief for Landlords: Complete Guide
section-24-vs-incorporation-which-saves-more-tax	Section 24 & Tax Relief	'Section 24 vs. Incorporation: Which Saves More Tax for UK Landlords?'	'Section 24 vs. Incorporation: Which Saves More Tax for UK Landlords?'
section-24-worked-example-50k-rental-income-portfolio	Section 24 & Tax Relief	Section 24 Worked Example: How Much Tax on £50k Rental Income Portfolio?	Section 24 Worked Example: How Much Tax on £50k Rental Income Portfolio?
serviced-accommodation-tax-fhl-abolition-april-2025	Property Types & Specialist Tax	How Does Serviced Accommodation Tax Work After FHL Abolition in April 2025?	How Does Serviced Accommodation Tax Work After FHL Abolition in April 2025?
serviced-accommodation-vs-buy-to-let-tax-comparison-2026	Property Types & Specialist Tax	Serviced Accommodation vs Buy-to-Let Tax: Which Strategy Costs Less in 2026?	Serviced Accommodation vs Buy-to-Let Tax: Complete Comparison Guide 2026
should-i-incorporate-buy-to-let-portfolio-2026	Incorporation & Company Structures	Should I Incorporate My Buy-to-Let Portfolio in 2026?	Should I Incorporate My Buy-to-Let Portfolio in 2026?
slough-property-accountant-landlord-tax-services	Property Accountant Services	Why Do Slough Landlords Need a Specialist Property Accountant in 2026?	Why Do Slough Landlords Need a Specialist Property Accountant in 2026?
spv-property-investment-special-purpose-vehicle-guide	Incorporation & Company Structures	Property SPVs Explained: Structure, Setup and Tax Mechanics	Property SPVs: Structure, Setup and Tax Mechanics
stamp-duty-buy-to-let-surcharge	Landlord Tax Essentials	Stamp Duty on Buy-to-Let: 5% Surcharge Explained	Stamp Duty on Buy-to-Let: 5% Surcharge Explained
substantial-shareholding-exemption-property-companies	Incorporation & Company Structures	Substantial Shareholding Exemption for Property Companies: When SSE Applies and When It Doesn't	Substantial Shareholding Exemption for Property Companies: When SSE Applies and When It Doesn't
sunderland-property-accountant-specialist-tax-services	Property Accountant Services	Why Sunderland Landlords Need a Specialist Property Accountant in 2026	Why Sunderland Landlords Need a Specialist Property Accountant in 2026
swindon-property-accountant-specialist-tax-services	Property Accountant Services	Why Do Swindon Landlords Need a Specialist Property Accountant in 2025?	Why Do Swindon Landlords Need a Specialist Property Accountant in 2025?
tax-efficient-property-investment-structure-guide	Incorporation & Company Structures	Most Tax-Efficient Property Investment Structure 2026/27 (UK Landlord Decision Guide)	What Is the Most Tax-Efficient Property Investment Structure for UK Landlords in 2026/27?
tax-relief-mortgage-interest-rented-property-guide	Section 24 & Tax Relief	How Does Tax Relief on Mortgage Interest for Rented Property Work in 2026?	Tax Relief on Mortgage Interest for Rented Property: Complete UK Guide 2026
tax-sell-rental-property-uk	Capital Gains Tax	What Tax Do I Pay When I Sell My Rental Property in the UK?	What Tax Do I Pay When I Sell My Rental Property in the UK?
togc-vat-property-letting-business	Incorporation & Company Structures	TOGC and VAT on Property Letting Businesses: Conditions and Pitfalls	TOGC and VAT on Property Letting Businesses: How to Make the Conditions Stick
toms-vat-serviced-accommodation	Property Types & Specialist Tax	TOMS VAT for Serviced Accommodation: After Sonder, What Actually Works	TOMS VAT for Serviced Accommodation: What Sonder Changed, and What Still Works
track-rental-property-profitability-per-property-pl-guide	Portfolio Management	How to Track Rental Property Profitability: Per-Property P&L Guide	How to Track Rental Property Profitability: Per-Property P&L Guide
transfer-properties-to-company-phased-guide	Incorporation & Company Structures	How to Transfer Properties to Company Phased: A Complete Step-by-Step Guide	How to Transfer Properties to Company Phased: A Complete Step-by-Step Guide
transferring-fhl-portfolio-to-limited-company	Incorporation & Company Structures	Transferring a Former FHL Portfolio to a Limited Company: The Post-Abolition Decision	Transferring a Former FHL Portfolio to a Limited Company: The Post-Abolition Decision
types-of-property-company-structure-uk-guide	Incorporation & Company Structures	Which Types of Property Company Structure Are Available in the UK?	Types of Property Company Structure: Which Is Right for You?
uk-property-income-expats-tax-obligations-explained	Non-Resident Landlord Tax	UK Property Income for Expats: Tax Obligations Explained	UK Property Income for Expats: Tax Obligations Explained
vat-calculation-calculator	Property Accountant Services	How to Use a VAT Calculation Calculator for Your Property Business	How to Use a VAT Calculation Calculator for Your Property Business
vat-calculator	Property Types & Specialist Tax	How to Use a VAT Calculator for UK Property Investors	How to Use a VAT Calculator for UK Property Investors
vat-how-to-calculate	Property Accountant Services	'VAT: How to Calculate It for Your Property Business'	'VAT: How to Calculate It for Your Property Business'
vat-on-new-builds-residential-property	Property Types & Specialist Tax	VAT on New-Build Residential Property: Zero-Rate, 5%, 20%	VAT on New-Build Residential Property: Zero-Rate, the 5% Conversion, and the 20% Trap
vat-tax-calculator	Property Accountant Services	How to Use a VAT Tax Calculator for Your Property Business	How to Use a VAT Tax Calculator for Your Property Business
what-does-a-property-accountant-do	Property Accountant Services	What Does a Property Accountant Do? Services and Scope for UK Landlords	What Does a Property Accountant Do? Services and Scope for UK Landlords
what-is-aia-in-tax	Section 24 & Tax Relief	What Is AIA in Tax? A Guide for UK Landlords and Property Investors	What Is AIA in Tax? A Guide for UK Landlords and Property Investors
what-is-good-gross-yield-buy-to-let-property-2026	Portfolio Management	What Is a Good Gross Yield for a Buy-to-Let Property in 2026?	What Is a Good Gross Yield for a Buy-to-Let Property in 2026?
what-repairs-can-landlords-deduct-from-rental-income	Landlord Tax Essentials	What Repairs Can Landlords Deduct From Rental Income in 2025/26?	What Repairs Can Landlords Deduct From Rental Income in 2025/26?
what-services-buy-to-let-accountant	Property Accountant Services	What Services Do You Need from a Buy-to-Let Accountant?	What Services Do You Need from a Buy-to-Let Accountant?
what-should-property-investors-expect-from-specialist-accountants	Property Accountant Services	What Should Property Investors Expect from Specialist Accountants?	What Should Property Investors Expect from Specialist Accountants?
when-does-hmrc-accept-rental-property-incorporation-business	Incorporation & Company Structures	When Does HMRC Accept Rental Property Incorporation as a Business?	When Does HMRC Accept Rental Property Incorporation as a Business?
when-does-property-holding-company-structure-make-sense-uk-landlords	Incorporation & Company Structures	When Does a Property Holding Company Structure Make Sense for UK Landlords?	When Does a Property Holding Company Structure Make Sense for UK Landlords?
when-to-sell-rental-property-key-indicators-landlords	Portfolio Management	When to Sell a Rental Property: 8 Key Indicators Every UK Landlord Should Know	When to Sell a Rental Property: 8 Key Indicators Every UK Landlord Should Know
why-cardiff-landlords-need-specialist-property-accountant-2026	Property Accountant Services	Why Cardiff Landlords Need a Specialist Property Accountant in 2026	Why Cardiff Landlords Need a Specialist Property Accountant in 2026
why-luton-landlords-need-specialist-property-accountant-2026	Property Accountant Services	Why Do Luton Landlords Need a Specialist Property Accountant in 2026?	Why Do Luton Landlords Need a Specialist Property Accountant in 2026?
why-sheffield-landlords-need-property-accountant	Property Accountant Services	Why Do Sheffield Landlords Need a Specialist Property Accountant?	Why Do Sheffield Landlords Need a Specialist Property Accountant?
why-southampton-landlords-need-property-accountant	Property Accountant Services	Property Accountant Southampton: BTL Tax, Section 24, MTD & HMOs	Property Accountant Southampton: BTL Tax, Section 24, MTD & HMOs
writing-down-allowance-cars	Section 24 & Tax Relief	'Writing Down Allowance on Cars: A Guide for UK Property Investors'	'Writing Down Allowance on Cars: A Guide for UK Property Investors'
writing-down-allowance-rates	Property Types & Specialist Tax	'Writing Down Allowance Rates: A Complete Guide for UK Property Investors'	'Writing Down Allowance Rates: A Complete Guide for UK Property Investors'
york-property-accountant-landlord-tax-services	Property Accountant Services	Why Do York Landlords Need a Specialist Property Accountant?	Why Do York Landlords Need a Specialist Property Accountant?
