reference,date,name,email,type
PTP-2606-01,2026-06-02,J Marsden,j.marsden@example.com,Landlord
PTP-2606-02,2026-06-04,A Okafor,a.okafor@example.com,Landlord
PTP-2606-03,2026-06-08,R Sandhu,r.sandhu@example.com,Small developer
PTP-2606-04,2026-06-11,L Fairbanks,l.fairbanks@example.com,Landlord
PTP-2606-05,2026-06-15,M Callaghan,m.callaghan@example.com,Landlord
PTP-2606-06,2026-06-18,S Whitmore,s.whitmore@example.com,Small developer
PTP-2606-07,2026-06-22,D Ellery,d.ellery@example.com,Landlord
PTP-2606-08,2026-06-25,H Nborowski,h.nborowski@example.com,Landlord
PTP-2606-09,2026-06-29,C Rutherford,c.rutherford@example.com,Small developer
