category,title,primary_keyword,rationale
Tax and Compliance,How to Structure Retainer Contracts to Avoid HMRC Reclassification as Employment,agency tax compliance UK,"Competitors focus on worker status for contractors, not the risk of client retainer deals being reclassified as employment for your agency staff."
Tax and Compliance,What to Do When HMRC Opens a Compliance Check on Your Agency's Freelancer Payments,agency tax compliance UK,Competitors cover general HMRC compliance but not the specific trigger points and evidence requirements for agency freelancer payment checks.
Salary and Dividends,How to Pay Yourself When Your Agency Has Irregular Income and Retained Profits Fluctuate,agency founder pay yourself salary dividend,Competitors assume steady profits; none address the cash-flow reality of feast-or-famine agency income for director pay decisions.
Salary and Dividends,Salary Sacrifice vs Dividend Waiver: Which Saves More Tax for Agency Founders with Spouse Shareholders,agency founder pay yourself salary dividend,"Competitors compare salary vs dividends for one director, but not the strategic trade-off when a spouse holds shares and you want to shift income."
Agency Finance Essentials,How to Build an Agency Financial Model from Scratch in Excel for Raising Investment,agency finance fundamentals,"Competitors offer training courses, not a practical step-by-step guide for founders who need to model revenue, costs, and cash for investors."
Agency Finance Essentials,What Agency Founders Get Wrong About Accrual Accounting and Why It Hurts Profitability,agency finance fundamentals,"Competitors teach agency finance basics but skip the specific accrual pitfalls (e.g., retainer timing, project completion) that distort agency P&Ls."
Incorporation and Structure,The True Cost of Incorporating a Side Hustle Agency vs Keeping It as a Sole Trader in 2025/26,incorporating agency UK guide,"Competitors cover formation agents generally, not the specific cost-benefit analysis for a founder turning a freelance side project into a limited agency."
Incorporation and Structure,How to Incorporate a Partnership Agency Without Triggering a Tax Charge on Goodwill,incorporating agency UK guide,Competitors ignore the partnership-to-limited-company transition; this fills the gap for agency founders in a partnership who want to incorporate.
Growth and Exit,How to Structure a Vendor Loan Note to Defer CGT When Selling Your Agency,selling your agency tax guide,Competitors cover basic CGT and BADR but not the specific loan note mechanism to spread tax liability post-sale.
Growth and Exit,What Happens to Your Agency's Retainer Contracts When You Sell: Tax and Legal Implications,selling your agency tax guide,"Competitors focus on valuation and CGT, not the practical tax treatment of transferring ongoing client contracts in a sale."
Contractors and IR35,How to Write a Contract for a Fractional CTO That Passes an IR35 Status Determination,IR35 agency complete guide,"Competitors cover IR35 for general contractors, but not the specific risk profile of fractional executives who sit on both sides of the table."
Contractors and IR35,The IR35 Risk of Using a Fixed-Fee Retainer for a Contractor Who Works Across Multiple Clients,IR35 agency complete guide,Competitors focus on single-client engagements; this addresses the unique retainer-based contractor model common in agencies.
Agency Accountant Services,How to Vet an Accountant's IR35 Experience Before Hiring Them for Your Agency,choose accountant for agency,Competitors list general accountant selection criteria but not the specific IR35 expertise questions a founder should ask.
Agency Accountant Services,The Accountant's Role in Your Agency's Exit Planning: What to Expect and When to Involve Them,choose accountant for agency,"Competitors focus on finding an accountant for compliance, not the strategic exit-planning relationship."
Making Tax Digital,How to Migrate Your Agency's Historical Data from Spreadsheets to MTD-Compliant Software Without Errors,MTD agency founder guide,"Competitors focus on HMRC agent guides and software lists, not the practical data migration pain point for spreadsheet-reliant agencies."
Making Tax Digital,"What to Do If Your Agency Misses an MTD Filing Deadline: Penalties, Appeals and Mitigation",MTD agency founder guide,"Competitors cover preparation and compliance, not the recovery path for a missed deadline."
International Agencies,How to Handle VAT on a One-Off US Client Project for Your UK Agency Without Registering for US Tax,UK agency international operations guide,Competitors cover global operations guides but not the specific VAT and permanent establishment risk of a single US project.
International Agencies,The Tax Implications of Hiring a Remote Employee in Spain for Your UK Agency,UK agency international operations guide,"Competitors focus on expanding agencies abroad, not the tax and compliance of hiring one remote worker in an EU country."
Agency Finance Essentials,How to Calculate Your Agency's Break-Even Monthly Revenue and Set Pricing Accordingly,agency finance basics,"Competitors cover agency finance theory, not the practical break-even calculation that directly informs pricing decisions."
Agency Finance Essentials,Why Your Agency's Net Profit Margin Differs from Your Gross Margin and How to Improve Both,agency finance basics,"Competitors explain margins but not the specific cost categories (e.g., freelancer vs staff costs) that cause the gap in agencies."
Agency Finance Essentials,How to Benchmark Your Agency's Gross Profit Margin Against Industry Averages by Agency Type,agency profit margins,Competitors give general margin guidance but not specific benchmarks for creative vs digital vs PR vs recruitment agencies.
Agency Finance Essentials,What Is a Healthy Net Profit Margin for a Small Agency in 2025/26 and How to Achieve It,agency profit margins,Competitors focus on gross margins; this fills the gap on net profit targets and cost control for smaller agencies.
Agency Finance Essentials,How to Use Invoice Discounting to Bridge Cash Flow Gaps Without Taking on Debt,agency cash flow,"Competitors cover cash flow issues generally, not the specific invoice discounting option that avoids loan interest."
Agency Finance Essentials,The Cash Flow Impact of Switching from Project-Based to Retainer-Based Revenue for Agencies,agency cash flow,Competitors explain cash flow problems but not the strategic shift to retainers as a cash flow solution.
Tax and Compliance,How to Reclaim VAT on Client Entertainment Costs for Your Agency Without HMRC Challenges,VAT for agencies,"Competitors cover VAT agent rules and principal vs agent, not the specific entertainment cost reclaim rules for agencies."
Tax and Compliance,The VAT Treatment of Subcontracted Freelancer Costs When You Invoice the Client as Principal,VAT for agencies,Competitors cover VAT for recruitment agencies but not the creative agency model of subcontracting freelancers.
Tax and Compliance,How to Claim Corporation Tax Relief on Bad Debts from Clients Who Don't Pay,corporation tax agency,"Competitors cover corporation tax basics, not the specific bad debt relief claim process for agencies with late-paying clients."
Tax and Compliance,The Corporation Tax Treatment of Retainer Prepayments and Deferred Revenue for Agencies,corporation tax agency,Competitors ignore the accruals timing issue of retainers; this fills the gap for agencies with prepaid client contracts.
Making Tax Digital,How to Set Up Your Agency's Chart of Accounts for MTD ITSA Compliance from Day One,making tax digital agency,"Competitors focus on HMRC agent guides, not the practical chart of accounts setup that ensures MTD compliance."
Making Tax Digital,What MTD-Compatible Software Features Are Essential for an Agency with Multiple Projects and Clients,making tax digital agency,Competitors list software options but don't compare features for agency-specific needs like project costing and client tracking.
Making Tax Digital,How to Handle MTD ITSA for an Agency Founder Who Also Has Freelance Income from Other Sources,MTD ITSA agency,"Competitors cover MTD for agents and general businesses, not the mixed-income scenario common among agency founders."
Making Tax Digital,The Penalty Structure for MTD ITSA Late Filing for Agency Founders: What You Need to Know,MTD ITSA agency,"Competitors focus on preparation, not the specific penalty regime and how to avoid it."
Salary and Dividends,How to Pay Yourself When Your Agency Has a Holding Company and You Are a Director of Both,pay yourself agency founder,"Competitors cover salary vs dividends for a single company, not the group structure complexity."
Salary and Dividends,The Tax-Efficient Way to Pay Yourself a Bonus Instead of Dividends When Your Agency Has Retained Losses,pay yourself agency founder,Competitors ignore the scenario where retained losses prevent dividend payments; this covers the bonus alternative.
Salary and Dividends,How to Adjust Your Salary and Dividend Split Mid-Year When Your Agency's Profit Forecast Changes,salary dividend split agency,"Competitors give optimal splits for a static year, not the dynamic adjustment needed when agency profits change."
Salary and Dividends,The Salary and Dividend Split for an Agency Founder with a Pension Contribution Goal,salary dividend split agency,"Competitors focus on tax efficiency, not the integrated pension contribution strategy."
Incorporation and Structure,How to Incorporate a Recruitment Agency vs a Creative Agency: Key Differences in Structure,when to incorporate agency,"Competitors cover incorporation generally, not the sector-specific considerations for recruitment vs creative agencies."
Incorporation and Structure,The Tax Implications of Incorporating a Partnership Agency Where Partners Have Different Profit Shares,when to incorporate agency,Competitors ignore the partnership-to-company transition with unequal profit shares.
Growth and Exit,How to Structure a Share Buyback to Exit a Co-Founder from Your Agency Tax-Efficiently,selling agency tax UK,"Competitors cover selling to a third party, not the co-founder buyout scenario."
Growth and Exit,The Tax Treatment of Earn-Out Payments When Selling Your Agency to a Competitor,selling agency tax UK,Competitors cover earn-outs generally but not the specific tax treatment of contingent payments in agency sales.
Growth and Exit,How to Qualify for BADR When Selling Your Agency Shares After the 2025 CGT Rate Changes,BADR agency founders,Competitors cover BADR basics but not the impact of the 2025 CGT rate changes on agency founder eligibility.
Growth and Exit,The 2-Year Holding Period for BADR: What Agency Founders Need to Know Before Selling,BADR agency founders,Competitors ignore the specific holding period trap that disqualifies many agency founders.
Contractors and IR35,How to Determine IR35 Status for a Contractor Who Works Through Your Agency but Has Their Own Limited Company,IR35 agency founders,"Competitors cover IR35 for contractors generally, not the specific agency-as-intermediary scenario."
Contractors and IR35,The IR35 Risk of Using a Fixed-Fee Retainer for a Contractor Who Provides Services to Multiple Clients Through Your Agency,IR35 agency founders,Competitors focus on single-client engagements; this addresses the retainer-based contractor model.
Contractors and IR35,How to Write a Status Determination Statement for a Freelance Designer Engaged Through Your Agency,IR35 freelancers agency,Competitors cover IR35 for contractors but not the specific creative freelancer engagement with portfolio-based work.
Contractors and IR35,The IR35 Implications of Engaging a Freelance Copywriter Through Your Agency for a Client Project,IR35 freelancers agency,Competitors ignore the specific risk profile of creative freelancers with limited substitution rights.
Agency Accountant Services,How to Use Your Agency Accountant for Strategic Financial Planning Beyond Compliance,agency accountant services,Competitors describe what accountants do but not how to leverage them for growth planning.
Agency Accountant Services,The Difference Between a Compliance-Only Accountant and a Strategic Agency Accountant,agency accountant services,"Competitors focus on cost and services, not the strategic value-add gap."
Agency Accountant Services,How to Negotiate Your Agency Accountant's Fees Based on Your Agency's Size and Complexity,agency accountant cost,Competitors list average costs but not how to negotiate based on agency-specific factors.
Agency Accountant Services,What Is Included in a Typical Agency Accountant Fee and What Is Extra,agency accountant cost,Competitors give price lists but don't break down what's included vs chargeable extras.
