source,query
gsc,accountant for lawyers
gsc,accountant for solicitors
gsc,accountant lawyer
gsc,accountants for lawyers
gsc,accounting for lawyer
gsc,accounting for legal practitioners
gsc,accounting services for lawyers
gsc,accounts for lawyers
gsc,bookkeeping for law firms
gsc,client reconciliation
gsc,internal client money reconciliation
gsc,law firm appraisals
gsc,law firm valuation formula uk
gsc,law practice valuation
gsc,partnership retirement
gsc,solicitors account rules
gsc,trust reconciliation
